{
	"info": {
		"_postman_id": "affd0eed-8e88-458c-9281-0f90785ac074",
		"name": "Lambda Converter",
		"schema": "https://schema.getpostman.com/json/collection/v2.1.0/collection.json"
	},
	"item": [
		{
			"name": "convert-node",
			"request": {
				"method": "POST",
				"header": [],
				"body": {
					"mode": "raw",
					"raw": "{\r\n    \"entryModule\":\"program\",\r\n    \"appName\":\"sample-dotnet-app\",\r\n    \"gitRepoUrl\": \"https://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@github.com/ganeshbhogle88/sample-dotnet-app.git\",\r\n    \"baseBranch\":\"dev\",\r\n    \"frameworkType\":\"dotnet\"\r\n}",
					"options": {
						"raw": {
							"language": "json"
						}
					}
				},
				"url": {
					"raw": "http://localhost:3000/convert",
					"protocol": "http",
					"host": [
						"localhost"
					],
					"port": "3000",
					"path": [
						"convert"
					]
				}
			},
			"response": []
		},
		{
			"name": "test",
			"request": {
				"method": "GET",
				"header": [],
				"url": {
					"raw": ""
				}
			},
			"response": []
		}
	]
}